model,RMSE,MAE,R2,MAPE
SVR (RBF kernel),6461.247841823564,6148.198983442517,0.6010950629161884,11.173097633871642
Gradient Boosting,6558.071291617604,6303.048271962414,0.5890501008589651,11.481236210449444
Random Forest,6583.921736054165,6307.69669709672,0.5858039712366684,11.440213434491655
OLS Linear,6699.138022744881,6276.113241176875,0.5711805627407454,11.363938488615936
Ridge,6703.212834501934,6250.28253762986,0.5706587374247051,11.327789202708164
MLP Neural Network,6732.317430118893,6448.295586518837,0.5669223406176922,11.64161242779793
Lasso,6734.133854525767,6279.479160026396,0.5666886145758512,11.37351542245847
Decision Tree,6881.001066847516,6367.08302040666,0.5475820145507244,11.506248647705346
