{
  "OLS": 3084.3981403286475,
  "Ridge": 3082.4598748788444,
  "Lasso": 3096.152508984156,
  "Decision Tree": 2668.209743952217,
  "Random Forest": 1848.80637584762,
  "Gradient Boost": 2317.735164588396,
  "SVR": 2378.302276163168,
  "MLP (PyTorch)": 3133.885794704675
}